loss,train_auc,valid_auc,params,iteration,train_time,best_round,feature_importance
-0.8742735160293368,0.884081739466915,0.8742735160293368,"{'max_depth': 7, 'num_leaves': 105, 'subsample': 0.9254621630561151, 'colsample_bytree': 0.7295996142861736, 'reg_alpha': 4.485179994925241, 'reg_lambda': 0.7250316961973835, 'min_child_samples': 30, 'min_split_gain': 0.1535712795530752, 'learning_rate': 0.05, 'objective': 'binary', 'metric': 'auc', 'boosting_type': 'gbdt', 'verbose': -1, 'random_state': 42, 'is_unbalance': True, 'force_col_wise': True}",1,7.05606859999898,75,"[910.9518290658792, 76948.45774667461, 6962.97338906924, 42663.055853178106, 51004.40546232959, 78165.77581236263, 653905.6090787252, 10766.738917216659, 18547.14162686467]"
-0.8746287478673934,0.8816843426428919,0.8746287478673934,"{'max_depth': 7, 'num_leaves': 25, 'subsample': 0.7201685419162034, 'colsample_bytree': 0.6021952133019314, 'reg_alpha': 3.8264094967620674, 'reg_lambda': 0.6679554327816329, 'min_child_samples': 25, 'min_split_gain': 0.11281770612057498, 'learning_rate': 0.05, 'objective': 'binary', 'metric': 'auc', 'boosting_type': 'gbdt', 'verbose': -1, 'random_state': 42, 'is_unbalance': True, 'force_col_wise': True}",2,9.179790800000774,183,"[1479.911449432373, 113278.70771562059, 8019.005430042744, 43200.44057524204, 63006.96185259521, 82244.79515407483, 624568.1200939218, 7998.607775310676, 18753.541001756985]"
-0.8746132165396739,0.8842916962920767,0.8746132165396739,"{'max_depth': 7, 'num_leaves': 35, 'subsample': 0.658785114914011, 'colsample_bytree': 0.8102773654663284, 'reg_alpha': 0.7128243944571562, 'reg_lambda': 0.016633478315350968, 'min_child_samples': 165, 'min_split_gain': 0.1145456238015772, 'learning_rate': 0.05, 'objective': 'binary', 'metric': 'auc', 'boosting_type': 'gbdt', 'verbose': -1, 'random_state': 42, 'is_unbalance': True, 'force_col_wise': True}",3,8.85229039999831,164,"[1445.4607059955597, 90468.34161949158, 7599.122929235299, 45239.2428685228, 46321.55808838209, 81945.22709731261, 663623.5098886887, 11976.995134711266, 19804.077637592953]"
-0.874591502142978,0.8809695243160031,0.874591502142978,"{'max_depth': 4, 'num_leaves': 110, 'subsample': 0.7615110681047916, 'colsample_bytree': 0.8334126409787352, 'reg_alpha': 0.5989081733494549, 'reg_lambda': 0.043316299809655866, 'min_child_samples': 105, 'min_split_gain': 0.014783309065103833, 'learning_rate': 0.05, 'objective': 'binary', 'metric': 'auc', 'boosting_type': 'gbdt', 'verbose': -1, 'random_state': 42, 'is_unbalance': True, 'force_col_wise': True}",4,11.510941799999273,315,"[930.0116270780563, 62657.70478521349, 3520.8547392959395, 41222.902492543064, 39705.00015817086, 83955.72328666474, 692077.8071199892, 6443.49742584303, 20077.32538195451]"
-0.8742265133009578,0.8856226595204664,0.8742265133009578,"{'max_depth': 6, 'num_leaves': 60, 'subsample': 0.8011615018645928, 'colsample_bytree': 0.9046292307987196, 'reg_alpha': 0.0727895374413234, 'reg_lambda': 0.019495480205198534, 'min_child_samples': 85, 'min_split_gain': 0.06763311629907447, 'learning_rate': 0.05, 'objective': 'binary', 'metric': 'auc', 'boosting_type': 'gbdt', 'verbose': -1, 'random_state': 42, 'is_unbalance': True, 'force_col_wise': True}",5,7.892924600000697,155,"[1373.0660654554765, 68147.25648241986, 7675.884614706039, 40700.13010202845, 38143.94657668471, 87768.8303881685, 688112.2372224579, 13938.253296807408, 19910.65235731254]"
-0.8745693860806701,0.8827584698509069,0.8745693860806701,"{'max_depth': 5, 'num_leaves': 115, 'subsample': 0.9018909441059156, 'colsample_bytree': 0.9400159090600317, 'reg_alpha': 0.21175330384294103, 'reg_lambda': 0.030413914859824455, 'min_child_samples': 115, 'min_split_gain': 0.18130815860318014, 'learning_rate': 0.05, 'objective': 'binary', 'metric': 'auc', 'boosting_type': 'gbdt', 'verbose': -1, 'random_state': 42, 'is_unbalance': True, 'force_col_wise': True}",6,8.6532186000004,202,"[1034.8994675079982, 67249.7117938449, 5029.997381786506, 40431.65039946636, 38566.433328439794, 85481.43963906665, 691036.8543771704, 9103.113762537638, 18834.94430505236]"
-0.8744883932046307,0.880354799809968,0.8744883932046307,"{'max_depth': 4, 'num_leaves': 130, 'subsample': 0.8796314378966033, 'colsample_bytree': 0.6532862880905912, 'reg_alpha': 0.01758898691650652, 'reg_lambda': 9.79403450429251, 'min_child_samples': 190, 'min_split_gain': 0.10124216274716509, 'learning_rate': 0.05, 'objective': 'binary', 'metric': 'auc', 'boosting_type': 'gbdt', 'verbose': -1, 'random_state': 42, 'is_unbalance': True, 'force_col_wise': True}",7,12.147698199998558,342,"[1022.300899207592, 83781.43849706899, 4302.686000953118, 43104.120768114924, 52908.21575110654, 79458.31783621013, 665648.9505368819, 6032.818156930308, 19319.42797557016]"
-0.8742949101962173,0.8824299270302113,0.8742949101962173,"{'max_depth': 7, 'num_leaves': 60, 'subsample': 0.6257147453238197, 'colsample_bytree': 0.7335940588692935, 'reg_alpha': 1.7543139583076806, 'reg_lambda': 3.0922094076459614, 'min_child_samples': 150, 'min_split_gain': 0.027962031828849866, 'learning_rate': 0.05, 'objective': 'binary', 'metric': 'auc', 'boosting_type': 'gbdt', 'verbose': -1, 'random_state': 42, 'is_unbalance': True, 'force_col_wise': True}",8,6.114420999998401,78,"[1198.1627694765727, 77700.74729641278, 6594.852395484845, 42770.52256798744, 51251.03243949016, 78730.18384218216, 656948.7521680197, 9301.509572853645, 19126.694617271423]"
-0.874641644952685,0.8826393102274986,0.874641644952685,"{'max_depth': 5, 'num_leaves': 90, 'subsample': 0.8893193614697442, 'colsample_bytree': 0.9383840003489344, 'reg_alpha': 0.014528929731718978, 'reg_lambda': 2.0613059306615584, 'min_child_samples': 75, 'min_split_gain': 0.19868120513504628, 'learning_rate': 0.05, 'objective': 'binary', 'metric': 'auc', 'boosting_type': 'gbdt', 'verbose': -1, 'random_state': 42, 'is_unbalance': True, 'force_col_wise': True}",9,9.599714700001641,192,"[1046.7238692045212, 66551.08790129423, 4831.155681828658, 41232.088353832565, 38922.99462927878, 85216.82965074976, 690828.6332705816, 8721.449561635653, 18738.744742075603]"
-0.8744333981823006,0.8795276560169318,0.8744333981823006,"{'max_depth': 4, 'num_leaves': 110, 'subsample': 0.7300129570941898, 'colsample_bytree': 0.6348135000163195, 'reg_alpha': 0.20183378329032925, 'reg_lambda': 0.2764849563344296, 'min_child_samples': 145, 'min_split_gain': 0.13055395607285078, 'learning_rate': 0.05, 'objective': 'binary', 'metric': 'auc', 'boosting_type': 'gbdt', 'verbose': -1, 'random_state': 42, 'is_unbalance': True, 'force_col_wise': True}",10,11.165326300000743,263,"[963.1876725753149, 83617.56502866249, 3524.7805003623166, 41716.53807910284, 54116.63676572343, 79399.7258041054, 665150.2166922638, 5306.594515343507, 19418.403713062406]"
-0.8743283794858208,0.8836337989129633,0.8743283794858208,"{'max_depth': 7, 'num_leaves': 145, 'subsample': 0.6138813743427279, 'colsample_bytree': 0.738443279994232, 'reg_alpha': 0.06382256600293935, 'reg_lambda': 0.013297839048037885, 'min_child_samples': 115, 'min_split_gain': 0.190230974354303, 'learning_rate': 0.05, 'objective': 'binary', 'metric': 'auc', 'boosting_type': 'gbdt', 'verbose': -1, 'random_state': 42, 'is_unbalance': True, 'force_col_wise': True}",11,7.0664392999970005,67,"[1503.846105992794, 77641.67775746684, 8211.281444634, 44081.31428268055, 54394.17506862184, 80297.35638542473, 650061.3504333496, 11796.253709554672, 20042.422012925148]"
-0.8742643276812186,0.8846911079885563,0.8742643276812186,"{'max_depth': 6, 'num_leaves': 55, 'subsample': 0.9124351334655565, 'colsample_bytree': 0.967789650992676, 'reg_alpha': 0.02062964958618164, 'reg_lambda': 0.6675090446914046, 'min_child_samples': 200, 'min_split_gain': 0.0511448076654065, 'learning_rate': 0.05, 'objective': 'binary', 'metric': 'auc', 'boosting_type': 'gbdt', 'verbose': -1, 'random_state': 42, 'is_unbalance': True, 'force_col_wise': True}",12,10.245098000003054,151,"[1559.0744063655536, 67502.97162243848, 6642.130473434925, 41109.69066378971, 10198.492142856121, 86754.23746980976, 713769.1237422712, 12472.073316272348, 18422.39516711235]"
-0.8744989052208055,0.8839345590490716,0.8744989052208055,"{'max_depth': 6, 'num_leaves': 45, 'subsample': 0.713264375212042, 'colsample_bytree': 0.678889408343798, 'reg_alpha': 0.6719120770962763, 'reg_lambda': 1.5492403550483742, 'min_child_samples': 125, 'min_split_gain': 0.16175669300438164, 'learning_rate': 0.05, 'objective': 'binary', 'metric': 'auc', 'boosting_type': 'gbdt', 'verbose': -1, 'random_state': 42, 'is_unbalance': True, 'force_col_wise': True}",13,9.259736200001498,144,"[1471.9817737539609, 88847.48886423309, 8316.41688520213, 44402.7625250419, 50792.75619118909, 81365.30511119466, 660756.0292518139, 11994.903705979386, 19658.30371081829]"
-0.8741719965372358,0.885054411165593,0.8741719965372358,"{'max_depth': 6, 'num_leaves': 135, 'subsample': 0.6269691695176437, 'colsample_bytree': 0.8735693936197599, 'reg_alpha': 0.01847377050534753, 'reg_lambda': 0.25202620361693906, 'min_child_samples': 45, 'min_split_gain': 0.15175081438754523, 'learning_rate': 0.05, 'objective': 'binary', 'metric': 'auc', 'boosting_type': 'gbdt', 'verbose': -1, 'random_state': 42, 'is_unbalance': True, 'force_col_wise': True}",14,8.107001199998194,127,"[1192.3974791367848, 66249.20955380797, 7062.9898672401905, 41759.38560541471, 37854.359150091805, 87821.84428997338, 688679.4604836305, 13106.620512510339, 19700.72010917465]"
-0.8744285666210381,0.8838729761907812,0.8744285666210381,"{'max_depth': 6, 'num_leaves': 145, 'subsample': 0.6929842549878388, 'colsample_bytree': 0.7649634480728088, 'reg_alpha': 0.01125356360335457, 'reg_lambda': 5.21428670433264, 'min_child_samples': 55, 'min_split_gain': 0.022048626445054856, 'learning_rate': 0.05, 'objective': 'binary', 'metric': 'auc', 'boosting_type': 'gbdt', 'verbose': -1, 'random_state': 42, 'is_unbalance': True, 'force_col_wise': True}",15,8.515172999999777,132,"[1502.1165076941252, 75417.85864945005, 7100.857861211523, 45529.038343419634, 56564.82683061188, 81701.50693057477, 660411.9012634009, 11687.661511811117, 19878.543214909732]"
-0.8740667577318352,0.8845335740690402,0.8740667577318352,"{'max_depth': 6, 'num_leaves': 60, 'subsample': 0.950099043659659, 'colsample_bytree': 0.9729805974692298, 'reg_alpha': 0.041006505023546046, 'reg_lambda': 9.187802178509049, 'min_child_samples': 30, 'min_split_gain': 0.17145119114346277, 'learning_rate': 0.05, 'objective': 'binary', 'metric': 'auc', 'boosting_type': 'gbdt', 'verbose': -1, 'random_state': 42, 'is_unbalance': True, 'force_col_wise': True}",16,8.25656429999799,134,"[1397.5780004262924, 63153.58621185025, 6434.735071957111, 42668.10509429375, 10380.754453887543, 86936.73724141221, 711976.0023803314, 11697.848284463087, 17444.232927372057]"
-0.8744152593484807,0.8784607564943241,0.8744152593484807,"{'max_depth': 3, 'num_leaves': 75, 'subsample': 0.9529070419898528, 'colsample_bytree': 0.7300546054049795, 'reg_alpha': 2.8247778078242285, 'reg_lambda': 2.7685374484311343, 'min_child_samples': 80, 'min_split_gain': 0.06208761725872758, 'learning_rate': 0.05, 'objective': 'binary', 'metric': 'auc', 'boosting_type': 'gbdt', 'verbose': -1, 'random_state': 42, 'is_unbalance': True, 'force_col_wise': True}",17,16.099966800000402,485,"[609.4825299580892, 71028.94222289324, 2328.918462127447, 38840.70582233866, 58012.85476651788, 81641.1465914448, 670340.8233736256, 3966.455467591683, 20154.4282681942]"
-0.8744946610534422,0.8804619091181998,0.8744946610534422,"{'max_depth': 4, 'num_leaves': 145, 'subsample': 0.7299796125452439, 'colsample_bytree': 0.6312082363473505, 'reg_alpha': 0.11273269250899026, 'reg_lambda': 0.020381971895498948, 'min_child_samples': 40, 'min_split_gain': 0.02932144807585755, 'learning_rate': 0.05, 'objective': 'binary', 'metric': 'auc', 'boosting_type': 'gbdt', 'verbose': -1, 'random_state': 42, 'is_unbalance': True, 'force_col_wise': True}",18,11.979387999999744,285,"[1061.3982425133388, 85055.3047527286, 4254.2255425651865, 42686.84908847759, 53860.33239141355, 80034.77390821527, 665233.9063961407, 6336.7589639822645, 19572.20613970359]"
-0.8743630654996101,0.8847250819214517,0.8743630654996101,"{'max_depth': 6, 'num_leaves': 70, 'subsample': 0.6980854195523465, 'colsample_bytree': 0.9674703663861304, 'reg_alpha': 0.024223153862949737, 'reg_lambda': 3.5445799713354265, 'min_child_samples': 135, 'min_split_gain': 0.06985301932477642, 'learning_rate': 0.05, 'objective': 'binary', 'metric': 'auc', 'boosting_type': 'gbdt', 'verbose': -1, 'random_state': 42, 'is_unbalance': True, 'force_col_wise': True}",19,8.956056300001364,147,"[1573.2601882417996, 66200.53978102903, 6745.223081665735, 41666.88626510898, 10369.38996475935, 86813.92740844439, 713424.6264033318, 12179.547278640171, 18077.64233795802]"
-0.8743841548558607,0.8843308124744835,0.8743841548558607,"{'max_depth': 7, 'num_leaves': 45, 'subsample': 0.7789294379947928, 'colsample_bytree': 0.7068278153216424, 'reg_alpha': 8.472268156639915, 'reg_lambda': 1.3776330861630062, 'min_child_samples': 115, 'min_split_gain': 0.052084064859716686, 'learning_rate': 0.05, 'objective': 'binary', 'metric': 'auc', 'boosting_type': 'gbdt', 'verbose': -1, 'random_state': 42, 'is_unbalance': True, 'force_col_wise': True}",20,9.06406920000154,153,"[965.4406514167786, 86985.85799657305, 7751.396931988497, 41054.07888038208, 48569.04691373805, 77975.59010730684, 661605.4488792965, 10654.897135026753, 17757.363428155582]"
-0.8740334142103237,0.8850888357287919,0.8740334142103237,"{'max_depth': 8, 'num_leaves': 90, 'subsample': 0.8399453313852395, 'colsample_bytree': 0.8656071170037299, 'reg_alpha': 9.18055199089125, 'reg_lambda': 0.10327464881485356, 'min_child_samples': 10, 'min_split_gain': 0.19956348595372828, 'learning_rate': 0.05, 'objective': 'binary', 'metric': 'auc', 'boosting_type': 'gbdt', 'verbose': -1, 'random_state': 42, 'is_unbalance': True, 'force_col_wise': True}",21,7.119234300000244,75,"[765.3680531978607, 69521.42897745967, 5887.987737079461, 35252.43364403645, 27994.852582832176, 80758.91273932655, 683734.2002239227, 10737.085478410125, 16342.285497466723]"
-0.8745877386110169,0.880150708143415,0.8745877386110169,"{'max_depth': 5, 'num_leaves': 20, 'subsample': 0.8423625453977001, 'colsample_bytree': 0.9955449207733731, 'reg_alpha': 1.3214905435231643, 'reg_lambda': 0.11818539265711123, 'min_child_samples': 75, 'min_split_gain': 0.13238337221544255, 'learning_rate': 0.05, 'objective': 'binary', 'metric': 'auc', 'boosting_type': 'gbdt', 'verbose': -1, 'random_state': 42, 'is_unbalance': True, 'force_col_wise': True}",22,8.419435599997087,167,"[900.1198697884878, 60999.06148004532, 3191.882890701294, 42725.320128162704, 11355.865481893221, 83474.08319318295, 712622.698002855, 4918.37331255277, 17925.210887988407]"
-0.8739612707158271,0.8890817685895217,0.8739612707158271,"{'max_depth': 8, 'num_leaves': 85, 'subsample': 0.9870392261903409, 'colsample_bytree': 0.6080058012997459, 'reg_alpha': 4.195130531430136, 'reg_lambda': 0.5942744383141655, 'min_child_samples': 15, 'min_split_gain': 0.09991325069041215, 'learning_rate': 0.05, 'objective': 'binary', 'metric': 'auc', 'boosting_type': 'gbdt', 'verbose': -1, 'random_state': 42, 'is_unbalance': True, 'force_col_wise': True}",23,9.119207600000664,127,"[1665.0879734953244, 116703.91791446756, 14022.519901091853, 43924.19709218045, 63096.44203569492, 86239.10949450731, 621266.8277753195, 19422.95082017531, 18596.80319411556]"
-0.8746439474952963,0.881042020043561,0.8746439474952963,"{'max_depth': 5, 'num_leaves': 20, 'subsample': 0.8233587437918124, 'colsample_bytree': 0.9235055686182786, 'reg_alpha': 0.3493646127683276, 'reg_lambda': 1.3933096982550146, 'min_child_samples': 60, 'min_split_gain': 0.086502963275891, 'learning_rate': 0.05, 'objective': 'binary', 'metric': 'auc', 'boosting_type': 'gbdt', 'verbose': -1, 'random_state': 42, 'is_unbalance': True, 'force_col_wise': True}",24,10.855454399999871,198,"[1009.604928890864, 66709.39239277442, 3963.1346800724664, 39904.2078239123, 37971.79428962866, 83296.2800214986, 690544.9233255386, 6795.0232283473015, 18585.249006112415]"
-0.8746023918237399,0.882370114523722,0.8746023918237399,"{'max_depth': 5, 'num_leaves': 95, 'subsample': 0.8592065303821541, 'colsample_bytree': 0.921732302963772, 'reg_alpha': 0.35144939379031187, 'reg_lambda': 1.5728057423682655, 'min_child_samples': 70, 'min_split_gain': 0.08298051173219279, 'learning_rate': 0.05, 'objective': 'binary', 'metric': 'auc', 'boosting_type': 'gbdt', 'verbose': -1, 'random_state': 42, 'is_unbalance': True, 'force_col_wise': True}",25,18.364389599999413,185,"[1077.8204316298168, 66809.35929563642, 4548.910454913974, 40051.73407205939, 38585.53261020283, 85039.9434999153, 690874.2529017329, 8269.613175531229, 18779.045468966167]"
-0.8743489285981721,0.8788882131677936,0.8743489285981721,"{'max_depth': 3, 'num_leaves': 75, 'subsample': 0.8037902838002783, 'colsample_bytree': 0.8899755094318785, 'reg_alpha': 0.12655425838147774, 'reg_lambda': 6.088301031463764, 'min_child_samples': 60, 'min_split_gain': 0.003199806185347792, 'learning_rate': 0.05, 'objective': 'binary', 'metric': 'auc', 'boosting_type': 'gbdt', 'verbose': -1, 'random_state': 42, 'is_unbalance': True, 'force_col_wise': True}",26,32.60226440000042,515,"[654.6949742436409, 55669.80012552378, 2475.255898093184, 41606.157872984804, 41506.13116014997, 83192.36614476144, 693599.7998690108, 4589.746866305669, 20519.003747781117]"
-0.8746547623681988,0.8821743155040117,0.8746547623681988,"{'max_depth': 5, 'num_leaves': 125, 'subsample': 0.8230447341346365, 'colsample_bytree': 0.8485103510645208, 'reg_alpha': 0.39039298191526445, 'reg_lambda': 1.2305572149189608, 'min_child_samples': 95, 'min_split_gain': 0.0845211265739894, 'learning_rate': 0.05, 'objective': 'binary', 'metric': 'auc', 'boosting_type': 'gbdt', 'verbose': -1, 'random_state': 42, 'is_unbalance': True, 'force_col_wise': True}",27,17.2467828000008,181,"[1091.0871017376583, 65945.04649761568, 4545.608893081546, 40233.518481244646, 38527.78588909904, 84766.68167251348, 690833.3158202966, 7988.704360343516, 18782.151193380356]"
-0.8745494129298561,0.881675182652199,0.8745494129298561,"{'max_depth': 5, 'num_leaves': 125, 'subsample': 0.8211301674973654, 'colsample_bytree': 0.8345007934456208, 'reg_alpha': 0.3964398520257536, 'reg_lambda': 0.4299522749059609, 'min_child_samples': 95, 'min_split_gain': 0.08530833962009876, 'learning_rate': 0.05, 'objective': 'binary', 'metric': 'auc', 'boosting_type': 'gbdt', 'verbose': -1, 'random_state': 42, 'is_unbalance': True, 'force_col_wise': True}",28,12.797926999999618,166,"[1165.7140776713688, 64455.71211382995, 4217.909417899947, 41337.48920300603, 38345.88574156165, 84283.19797713558, 690868.9960787296, 7292.527785395582, 18812.179092327755]"
-0.8745909265658055,0.8810693154347718,0.8745909265658055,"{'max_depth': 4, 'num_leaves': 100, 'subsample': 0.7794691982176934, 'colsample_bytree': 0.8005093679216135, 'reg_alpha': 1.1653864146875197, 'reg_lambda': 1.1628588737473557, 'min_child_samples': 95, 'min_split_gain': 0.04171033793038897, 'learning_rate': 0.05, 'objective': 'binary', 'metric': 'auc', 'boosting_type': 'gbdt', 'verbose': -1, 'random_state': 42, 'is_unbalance': True, 'force_col_wise': True}",29,19.311805899997125,332,"[908.2494117220243, 76051.70779779057, 4052.8690424859524, 43726.608854635306, 57308.35572423538, 79974.65981224924, 668504.228170991, 6970.893375121057, 19905.821557313204]"
-0.8742413740458272,0.8786511339288143,0.8742413740458272,"{'max_depth': 3, 'num_leaves': 120, 'subsample': 0.7559132013319685, 'colsample_bytree': 0.8601228320903732, 'reg_alpha': 0.17815119387090614, 'reg_lambda': 0.19895589487999923, 'min_child_samples': 60, 'min_split_gain': 0.08502910804712255, 'learning_rate': 0.05, 'objective': 'binary', 'metric': 'auc', 'boosting_type': 'gbdt', 'verbose': -1, 'random_state': 42, 'is_unbalance': True, 'force_col_wise': True}",30,16.73628330000065,482,"[575.7781231403351, 59529.48921903968, 2477.8795101841292, 39592.759467462696, 39184.213335076965, 83451.33795619011, 693817.6154274294, 4334.555123306811, 20265.347470159333]"
-0.8747466370654554,0.879708249533833,0.8747466370654554,"{'max_depth': 5, 'num_leaves': 15, 'subsample': 0.8637779633826167, 'colsample_bytree': 0.7844178722345658, 'reg_alpha': 2.2430541900264283, 'reg_lambda': 1.0632954932624585, 'min_child_samples': 175, 'min_split_gain': 0.1369185744377165, 'learning_rate': 0.05, 'objective': 'binary', 'metric': 'auc', 'boosting_type': 'gbdt', 'verbose': -1, 'random_state': 42, 'is_unbalance': True, 'force_col_wise': True}",31,12.689230500000122,227,"[738.6546448866526, 75162.52407360077, 3210.568643172582, 44573.52880591154, 56252.125649333, 78058.24348104, 667035.2902507385, 4948.490673164527, 18752.49793465932]"
-0.8745581466296395,0.8809514037939318,0.8745581466296395,"{'max_depth': 4, 'num_leaves': 135, 'subsample': 0.9930162064896041, 'colsample_bytree': 0.7715094217041719, 'reg_alpha': 2.526700313857324, 'reg_lambda': 0.9987342715406817, 'min_child_samples': 175, 'min_split_gain': 0.13912728760278467, 'learning_rate': 0.05, 'objective': 'binary', 'metric': 'auc', 'boosting_type': 'gbdt', 'verbose': -1, 'random_state': 42, 'is_unbalance': True, 'force_col_wise': True}",32,16.2610373000025,356,"[805.4679256180922, 73883.78363466263, 3949.6676073372364, 44783.95605268081, 57446.47212801377, 79507.57056946556, 668623.4663313031, 6409.923867210746, 19617.483459472656]"
-0.8744912225593492,0.8817142089587575,0.8744912225593492,"{'max_depth': 5, 'num_leaves': 105, 'subsample': 0.9369994076489159, 'colsample_bytree': 0.8297992085309885, 'reg_alpha': 6.512054712334244, 'reg_lambda': 0.11965692625237086, 'min_child_samples': 170, 'min_split_gain': 0.11187541104139911, 'learning_rate': 0.05, 'objective': 'binary', 'metric': 'auc', 'boosting_type': 'gbdt', 'verbose': -1, 'random_state': 42, 'is_unbalance': True, 'force_col_wise': True}",33,11.660977800002001,216,"[860.8859126369158, 72343.96110604703, 4522.318980207046, 45282.01656333109, 56115.12509331107, 78759.95488647123, 666290.3726156553, 6982.793360163768, 18871.864622791607]"
-0.8743936478776103,0.878551368953307,0.8743936478776103,"{'max_depth': 3, 'num_leaves': 30, 'subsample': 0.8674195813435325, 'colsample_bytree': 0.7678133357489075, 'reg_alpha': 0.5227218415265233, 'reg_lambda': 0.4511076645632644, 'min_child_samples': 155, 'min_split_gain': 0.12313183690427373, 'learning_rate': 0.05, 'objective': 'binary', 'metric': 'auc', 'boosting_type': 'gbdt', 'verbose': -1, 'random_state': 42, 'is_unbalance': True, 'force_col_wise': True}",34,22.335625299998355,490,"[681.5321945349375, 70698.90351151924, 2544.9450832108655, 39612.5018517375, 58180.447516540684, 82892.65164072812, 670274.058336536, 4263.058552588026, 20240.699523369472]"
-0.8745276679772068,0.881320885493702,0.8745276679772068,"{'max_depth': 5, 'num_leaves': 40, 'subsample': 0.6680647294232087, 'colsample_bytree': 0.6971393257529872, 'reg_alpha': 1.1984603810352892, 'reg_lambda': 0.05406742975209782, 'min_child_samples': 135, 'min_split_gain': 0.1438247465400394, 'learning_rate': 0.05, 'objective': 'binary', 'metric': 'auc', 'boosting_type': 'gbdt', 'verbose': -1, 'random_state': 42, 'is_unbalance': True, 'force_col_wise': True}",35,13.558468700000958,175,"[1049.436547011137, 83889.10336017609, 5460.517437621951, 46718.80298241476, 49702.480955039464, 80244.06507508457, 662301.7623606523, 7849.937080810468, 19472.122415741283]"
-0.8746022289948856,0.8808739511826366,0.8746022289948856,"{'max_depth': 4, 'num_leaves': 120, 'subsample': 0.9662029100347517, 'colsample_bytree': 0.7860693262898982, 'reg_alpha': 0.825707335640221, 'reg_lambda': 4.889177967273451, 'min_child_samples': 190, 'min_split_gain': 0.11042202473720483, 'learning_rate': 0.05, 'objective': 'binary', 'metric': 'auc', 'boosting_type': 'gbdt', 'verbose': -1, 'random_state': 42, 'is_unbalance': True, 'force_col_wise': True}",36,14.084863200001564,349,"[829.5178020000458, 73672.08088693768, 3903.65925228099, 45288.513758696616, 57436.00803320607, 79565.11884014805, 668800.7728627622, 6739.837807034452, 19641.14086645345]"
-0.87448133129811,0.882136451196175,0.87448133129811,"{'max_depth': 5, 'num_leaves': 135, 'subsample': 0.7545145166541588, 'colsample_bytree': 0.8207465930142817, 'reg_alpha': 2.102451237830681, 'reg_lambda': 2.2937983558120085, 'min_child_samples': 95, 'min_split_gain': 0.09981433361577524, 'learning_rate': 0.05, 'objective': 'binary', 'metric': 'auc', 'boosting_type': 'gbdt', 'verbose': -1, 'random_state': 42, 'is_unbalance': True, 'force_col_wise': True}",37,9.874350400001276,204,"[952.1141135046879, 75250.63817214717, 5030.242263108492, 45416.13850020617, 56472.75817291687, 80533.86908965558, 665981.8283459073, 8442.997514848908, 19399.71960381667]"
-0.8746536402851254,0.8826478885701704,0.8746536402851254,"{'max_depth': 7, 'num_leaves': 30, 'subsample': 0.9162141833811855, 'colsample_bytree': 0.7475870316152499, 'reg_alpha': 5.841324679668934, 'reg_lambda': 0.8322951580745553, 'min_child_samples': 180, 'min_split_gain': 0.15764865317065782, 'learning_rate': 0.05, 'objective': 'binary', 'metric': 'auc', 'boosting_type': 'gbdt', 'verbose': -1, 'random_state': 42, 'is_unbalance': True, 'force_col_wise': True}",38,9.678857599999901,165,"[920.5792416731516, 82126.85249282916, 5630.981323570013, 42549.087670882545, 51213.79158731302, 78038.08809980254, 664595.7574651042, 8287.889223078886, 17936.841686407726]"
-0.8746055625255632,0.8804634911471819,0.8746055625255632,"{'max_depth': 4, 'num_leaves': 15, 'subsample': 0.8905182352829467, 'colsample_bytree': 0.8474915993121619, 'reg_alpha': 0.8763690154028222, 'reg_lambda': 0.41949997463343974, 'min_child_samples': 155, 'min_split_gain': 0.17793967004783756, 'learning_rate': 0.05, 'objective': 'binary', 'metric': 'auc', 'boosting_type': 'gbdt', 'verbose': -1, 'random_state': 42, 'is_unbalance': True, 'force_col_wise': True}",39,18.336818799998582,299,"[789.786495089531, 63270.19524919987, 3300.636317794522, 40072.19476441046, 39375.56642820438, 83715.09528646867, 691998.1074909866, 5844.618663291137, 19812.265826622646]"
-0.8746312209517404,0.8814185620874863,0.8746312209517404,"{'max_depth': 5, 'num_leaves': 110, 'subsample': 0.7842932388358609, 'colsample_bytree': 0.8912727672790479, 'reg_alpha': 3.736586592469017, 'reg_lambda': 0.20302846322189302, 'min_child_samples': 135, 'min_split_gain': 0.07264858490012298, 'learning_rate': 0.05, 'objective': 'binary', 'metric': 'auc', 'boosting_type': 'gbdt', 'verbose': -1, 'random_state': 42, 'is_unbalance': True, 'force_col_wise': True}",40,16.982207400000334,174,"[928.8183265055219, 64922.85624471059, 3703.4096148187914, 38670.68223754565, 37970.56818668047, 83071.82443540047, 690718.4253386805, 6267.679829304417, 18430.187502756715]"
-0.8743103880915589,0.8823625852626192,0.8743103880915589,"{'max_depth': 6, 'num_leaves': 80, 'subsample': 0.8571116399719252, 'colsample_bytree': 0.8072735824813563, 'reg_alpha': 0.23662342214512067, 'reg_lambda': 8.439306676830798, 'min_child_samples': 105, 'min_split_gain': 0.12869647026227013, 'learning_rate': 0.05, 'objective': 'binary', 'metric': 'auc', 'boosting_type': 'gbdt', 'verbose': -1, 'random_state': 42, 'is_unbalance': True, 'force_col_wise': True}",41,14.648501299998316,114,"[1139.880878875653, 73429.92323111992, 6196.685858155291, 45090.97144407034, 56186.11560383439, 79773.5959614714, 663882.5973334362, 9030.374145860473, 19362.136158307392]"
-0.8745636341962215,0.8801708221270544,0.8745636341962215,"{'max_depth': 4, 'num_leaves': 150, 'subsample': 0.834468181685854, 'colsample_bytree': 0.7889293792642319, 'reg_alpha': 1.7457543052977191, 'reg_lambda': 0.06276681752242752, 'min_child_samples': 195, 'min_split_gain': 0.11995068819876273, 'learning_rate': 0.05, 'objective': 'binary', 'metric': 'auc', 'boosting_type': 'gbdt', 'verbose': -1, 'random_state': 42, 'is_unbalance': True, 'force_col_wise': True}",42,18.412996700000804,305,"[833.4900577863058, 72792.62535930176, 3558.089784552654, 45178.46041428546, 57133.15373276671, 79384.66559933622, 668385.7095753452, 5703.6605784446, 19721.930156489212]"
-0.8744056905515384,0.884599968569673,0.8744056905515384,"{'max_depth': 7, 'num_leaves': 55, 'subsample': 0.8083479776374827, 'colsample_bytree': 0.6719080294284688, 'reg_alpha': 0.4578369310507783, 'reg_lambda': 3.7563302999100885, 'min_child_samples': 125, 'min_split_gain': 0.14374065472170489, 'learning_rate': 0.05, 'objective': 'binary', 'metric': 'auc', 'boosting_type': 'gbdt', 'verbose': -1, 'random_state': 42, 'is_unbalance': True, 'force_col_wise': True}",43,7.778282999999647,110,"[1576.0957633654277, 89399.6731262356, 9642.783826351166, 43247.538117965065, 50188.335473020874, 80901.02260103822, 659376.521352768, 13558.273316462835, 19481.310108184814]"
-0.8744500493871001,0.8829923998156822,0.8744500493871001,"{'max_depth': 6, 'num_leaves': 65, 'subsample': 0.8790940527418551, 'colsample_bytree': 0.7017527967566134, 'reg_alpha': 0.0749713493851423, 'reg_lambda': 1.9606464185518122, 'min_child_samples': 160, 'min_split_gain': 0.1663046023308331, 'learning_rate': 0.05, 'objective': 'binary', 'metric': 'auc', 'boosting_type': 'gbdt', 'verbose': -1, 'random_state': 42, 'is_unbalance': True, 'force_col_wise': True}",44,7.595916300000681,120,"[1537.7865681052208, 86351.71683316429, 7655.375816464424, 44978.514943798386, 50747.002832487226, 80589.46730872989, 660361.8240730366, 10623.093038355311, 19760.8366419971]"
-0.8743048767980371,0.8786217798360374,0.8743048767980371,"{'max_depth': 3, 'num_leaves': 50, 'subsample': 0.9288080751075641, 'colsample_bytree': 0.8833089548337449, 'reg_alpha': 0.28454729879570784, 'reg_lambda': 0.8517044698763476, 'min_child_samples': 90, 'min_split_gain': 0.1874216014171365, 'learning_rate': 0.05, 'objective': 'binary', 'metric': 'auc', 'boosting_type': 'gbdt', 'verbose': -1, 'random_state': 42, 'is_unbalance': True, 'force_col_wise': True}",45,16.270968599998014,482,"[555.4976386229197, 58619.70634649197, 2431.7157370646796, 40770.82250497738, 39223.72073473533, 83153.88807525237, 693533.657953471, 4249.059344450633, 20342.298762242]"
-0.8745067618545338,0.8820057779317375,0.8745067618545338,"{'max_depth': 5, 'num_leaves': 100, 'subsample': 0.8974376997688863, 'colsample_bytree': 0.7527639311812335, 'reg_alpha': 0.15081418383197528, 'reg_lambda': 0.5561361243437001, 'min_child_samples': 110, 'min_split_gain': 0.10637236611275852, 'learning_rate': 0.05, 'objective': 'binary', 'metric': 'auc', 'boosting_type': 'gbdt', 'verbose': -1, 'random_state': 42, 'is_unbalance': True, 'force_col_wise': True}",46,9.97815350000019,184,"[1079.7068799932797, 74505.5478162244, 5102.168117620051, 46684.36165394386, 56726.61262394488, 81949.93318017821, 665499.6246184508, 8677.795723145207, 20031.302680502336]"
-0.874683122887327,0.8807943252012057,0.874683122887327,"{'max_depth': 4, 'num_leaves': 115, 'subsample': 0.6551646238009219, 'colsample_bytree': 0.8490479097605262, 'reg_alpha': 0.03932267659795534, 'reg_lambda': 6.518007234916392, 'min_child_samples': 140, 'min_split_gain': 0.008860425416679668, 'learning_rate': 0.05, 'objective': 'binary', 'metric': 'auc', 'boosting_type': 'gbdt', 'verbose': -1, 'random_state': 42, 'is_unbalance': True, 'force_col_wise': True}",47,13.112633100001403,321,"[939.0217314561208, 63192.21616593003, 3343.2064067050815, 40057.92364309231, 39396.49804348747, 84120.29751891643, 692168.0559545358, 6260.835127736132, 19944.33492700259]"
-0.874230172961652,0.8781508048690932,0.874230172961652,"{'max_depth': 3, 'num_leaves': 115, 'subsample': 0.6411636027543084, 'colsample_bytree': 0.7177813826609551, 'reg_alpha': 0.03045635650502277, 'reg_lambda': 6.517483921468175, 'min_child_samples': 180, 'min_split_gain': 0.0052282898276928, 'learning_rate': 0.05, 'objective': 'binary', 'metric': 'auc', 'boosting_type': 'gbdt', 'verbose': -1, 'random_state': 42, 'is_unbalance': True, 'force_col_wise': True}",48,16.02443210000274,487,"[801.5610532363256, 64281.385509083666, 2710.771994665265, 46091.52837660909, 60071.15455240011, 83957.37695924442, 666895.7300089648, 3827.622033069531, 20041.715999881428]"
-0.8746598468503223,0.880853371760662,0.8746598468503223,"{'max_depth': 4, 'num_leaves': 90, 'subsample': 0.6698258439385855, 'colsample_bytree': 0.9392561309682055, 'reg_alpha': 0.01077152168901572, 'reg_lambda': 7.914337054305122, 'min_child_samples': 165, 'min_split_gain': 0.013716785563311932, 'learning_rate': 0.05, 'objective': 'binary', 'metric': 'auc', 'boosting_type': 'gbdt', 'verbose': -1, 'random_state': 42, 'is_unbalance': True, 'force_col_wise': True}",49,13.243907000000036,337,"[934.503325064977, 64210.08890506625, 3345.515553971132, 39471.56905571123, 39670.301698307194, 83603.75034231941, 691986.968777602, 6407.872409033279, 19913.32817577074]"
-0.8746076821645733,0.8803359282712875,0.8746076821645733,"{'max_depth': 4, 'num_leaves': 140, 'subsample': 0.6110446494221102, 'colsample_bytree': 0.9131695350719273, 'reg_alpha': 0.04640434765415684, 'reg_lambda': 4.203758824900866, 'min_child_samples': 145, 'min_split_gain': 0.04168529642287346, 'learning_rate': 0.05, 'objective': 'binary', 'metric': 'auc', 'boosting_type': 'gbdt', 'verbose': -1, 'random_state': 42, 'is_unbalance': True, 'force_col_wise': True}",50,11.901113799998711,291,"[932.5549139976501, 61936.313410008945, 3111.0970573450127, 40764.85083798567, 39298.18359889587, 83758.37813006341, 692007.4445716938, 5747.304630915324, 19896.99568772316]"
